student_key,task_key,attempt_key,score_percent_first,duration_seconds_first,score_percent_second,duration_seconds_second,success,avg_item_score,min_item_score,max_item_score,items_answered,week,task_type
STU-033,TASK-W01-01,QATT-TASK-W01-01-STU-033-01,52.0,461.0,60.0,524.0,1,0.52,0.0,1.0,5,1.0,technical_readiness
STU-010,TASK-W02-03,QATT-TASK-W02-03-STU-010-01,32.0,517.0,40.0,498.0,1,0.32,0.0,1.0,5,2.0,practical_verification_quiz
STU-027,TASK-W02-02,QATT-TASK-W02-02-STU-027-01,100.0,453.0,100.0,452.0,0,1.0,1.0,1.0,5,2.0,readiness_quiz
STU-031,TASK-W02-03,QATT-TASK-W02-03-STU-031-01,40.0,459.0,60.0,287.0,1,0.4,0.0,1.0,5,2.0,practical_verification_quiz
STU-032,TASK-W02-03,QATT-TASK-W02-03-STU-032-01,32.0,336.0,40.0,328.0,1,0.32,0.0,1.0,5,2.0,practical_verification_quiz
STU-011,TASK-W03-02,QATT-TASK-W03-02-STU-011-01,12.0,433.0,32.0,410.0,1,0.12000000000000002,0.0,0.6000000000000001,5,3.0,readiness_quiz
STU-023,TASK-W03-03,QATT-TASK-W03-03-STU-023-01,40.0,475.0,60.0,326.0,1,0.4,0.0,1.0,5,3.0,practical_verification_quiz
STU-028,TASK-W03-02,QATT-TASK-W03-02-STU-028-01,32.0,472.0,40.0,530.0,1,0.32,0.0,1.0,5,3.0,readiness_quiz
STU-009,TASK-W04-03,QATT-TASK-W04-03-STU-009-01,26.67,250.0,46.67,418.0,1,0.2666666666666666,0.0,1.0,5,4.0,practical_verification_quiz
STU-011,TASK-W04-03,QATT-TASK-W04-03-STU-011-01,20.0,445.0,40.0,395.0,1,0.2,0.0,1.0,5,4.0,practical_verification_quiz
STU-016,TASK-W04-02,QATT-TASK-W04-02-STU-016-01,26.67,250.0,46.67,466.0,1,0.2666666666666666,0.0,1.0,5,4.0,readiness_quiz
STU-025,TASK-W04-02,QATT-TASK-W04-02-STU-025-01,20.0,501.0,40.0,504.0,1,0.2,0.0,1.0,5,4.0,readiness_quiz
STU-025,TASK-W04-03,QATT-TASK-W04-03-STU-025-01,20.0,498.0,40.0,490.0,1,0.2,0.0,1.0,5,4.0,practical_verification_quiz
STU-032,TASK-W04-03,QATT-TASK-W04-03-STU-032-01,100.0,406.0,100.0,309.0,0,1.0,1.0,1.0,5,4.0,practical_verification_quiz
STU-035,TASK-W04-02,QATT-TASK-W04-02-STU-035-01,100.0,495.0,100.0,460.0,0,1.0,1.0,1.0,5,4.0,readiness_quiz
STU-005,TASK-W05-03,QATT-TASK-W05-03-STU-005-01,40.0,379.0,20.0,459.0,0,0.4,0.0,1.0,5,5.0,practical_verification_quiz
STU-006,TASK-W05-02,QATT-TASK-W05-02-STU-006-01,20.0,352.0,40.0,401.0,1,0.2,0.0,1.0,5,5.0,readiness_quiz
STU-009,TASK-W05-03,QATT-TASK-W05-03-STU-009-01,60.0,400.0,80.0,450.0,1,0.6,0.0,1.0,5,5.0,practical_verification_quiz
STU-019,TASK-W05-02,QATT-TASK-W05-02-STU-019-01,32.0,405.0,40.0,301.0,1,0.32,0.0,1.0,5,5.0,readiness_quiz
STU-029,TASK-W05-02,QATT-TASK-W05-02-STU-029-01,66.67,363.0,80.0,367.0,1,0.6666666666666666,0.0,1.0,5,5.0,readiness_quiz
STU-033,TASK-W05-02,QATT-TASK-W05-02-STU-033-01,40.0,395.0,60.0,282.0,1,0.4,0.0,1.0,5,5.0,readiness_quiz
STU-034,TASK-W05-02,QATT-TASK-W05-02-STU-034-01,18.67,492.0,38.67,265.0,1,0.18666666666666662,0.0,0.6000000000000001,5,5.0,readiness_quiz
STU-034,TASK-W05-03,QATT-TASK-W05-03-STU-034-01,100.0,462.0,100.0,361.0,0,1.0,1.0,1.0,5,5.0,practical_verification_quiz
STU-035,TASK-W05-02,QATT-TASK-W05-02-STU-035-01,100.0,281.0,100.0,456.0,0,1.0,1.0,1.0,5,5.0,readiness_quiz
STU-039,TASK-W05-03,QATT-TASK-W05-03-STU-039-01,40.0,251.0,60.0,311.0,1,0.4,0.0,1.0,5,5.0,practical_verification_quiz
STU-014,TASK-W06-03,QATT-TASK-W06-03-STU-014-01,60.0,347.0,80.0,360.0,1,0.6,0.0,1.0,5,6.0,practical_verification_quiz
STU-018,TASK-W06-02,QATT-TASK-W06-02-STU-018-01,100.0,447.0,100.0,420.0,0,1.0,1.0,1.0,5,6.0,readiness_quiz
STU-025,TASK-W06-02,QATT-TASK-W06-02-STU-025-01,20.0,323.0,40.0,247.0,1,0.2,0.0,1.0,5,6.0,readiness_quiz
STU-030,TASK-W06-02,QATT-TASK-W06-02-STU-030-01,40.0,410.0,60.0,280.0,1,0.4,0.0,1.0,5,6.0,readiness_quiz
STU-033,TASK-W06-02,QATT-TASK-W06-02-STU-033-01,80.0,376.0,100.0,522.0,1,0.8,0.0,1.0,5,6.0,readiness_quiz
STU-034,TASK-W06-03,QATT-TASK-W06-03-STU-034-01,12.0,287.0,32.0,449.0,1,0.12000000000000002,0.0,0.6000000000000001,5,6.0,practical_verification_quiz
STU-001,TASK-W07-02,QATT-TASK-W07-02-STU-001-01,32.0,310.0,20.0,471.0,0,0.32,0.0,1.0,5,7.0,readiness_quiz
STU-005,TASK-W07-03,QATT-TASK-W07-03-STU-005-01,40.0,346.0,20.0,490.0,0,0.4,0.0,1.0,5,7.0,practical_verification_quiz
STU-006,TASK-W07-03,QATT-TASK-W07-03-STU-006-01,20.0,488.0,40.0,390.0,1,0.2,0.0,1.0,5,7.0,practical_verification_quiz
STU-007,TASK-W07-03,QATT-TASK-W07-03-STU-007-01,12.0,392.0,32.0,422.0,1,0.12000000000000002,0.0,0.6000000000000001,5,7.0,practical_verification_quiz
STU-012,TASK-W07-02,QATT-TASK-W07-02-STU-012-01,20.0,388.0,40.0,300.0,1,0.2,0.0,1.0,5,7.0,readiness_quiz
STU-021,TASK-W07-02,QATT-TASK-W07-02-STU-021-01,20.0,356.0,40.0,532.0,1,0.2,0.0,1.0,5,7.0,readiness_quiz
STU-027,TASK-W07-03,QATT-TASK-W07-03-STU-027-01,100.0,376.0,100.0,430.0,0,1.0,1.0,1.0,5,7.0,practical_verification_quiz
STU-029,TASK-W07-02,QATT-TASK-W07-02-STU-029-01,0.0,494.0,20.0,447.0,1,0.0,0.0,0.0,5,7.0,readiness_quiz
STU-038,TASK-W07-02,QATT-TASK-W07-02-STU-038-01,40.0,246.0,60.0,424.0,1,0.4,0.0,1.0,5,7.0,readiness_quiz
STU-007,TASK-W08-03,QATT-TASK-W08-03-STU-007-01,26.67,303.0,46.67,430.0,1,0.2666666666666666,0.0,1.0,5,8.0,practical_verification_quiz
STU-008,TASK-W08-02,QATT-TASK-W08-02-STU-008-01,26.67,269.0,46.67,305.0,1,0.2666666666666666,0.0,1.0,5,8.0,readiness_quiz
